"Tanggal","Terakhir","Pembukaan","Tertinggi","Terendah","Vol.","Perubahan%"
"01/01/2026","16.675,0","16.675,0","16.675,0","16.675,0","","0,00%"
"31/12/2025","16.675,0","16.715,0","16.742,5","16.675,0","","-0,51%"
"30/12/2025","16.760,0","16.780,0","16.789,0","16.760,0","","-0,15%"
"29/12/2025","16.785,0","16.760,0","16.795,0","16.757,5","","0,18%"
"26/12/2025","16.755,0","16.755,0","16.755,0","16.755,0","","0,00%"
"25/12/2025","16.755,0","16.755,0","16.755,0","16.755,0","","0,00%"
"24/12/2025","16.755,0","16.770,0","16.782,5","16.749,0","","-0,09%"
"23/12/2025","16.770,0","16.755,0","16.800,0","16.745,0","","0,00%"
"22/12/2025","16.770,0","16.737,5","16.785,0","16.737,5","","0,18%"
"19/12/2025","16.740,0","16.715,0","16.750,0","16.706,5","","0,15%"
"18/12/2025","16.715,0","16.702,5","16.732,5","16.695,0","","0,18%"
"17/12/2025","16.685,0","16.675,0","16.710,0","16.665,0","","-0,03%"
"16/12/2025","16.690,0","16.672,5","16.695,0","16.670,0","","0,15%"
"15/12/2025","16.665,0","16.640,0","16.673,5","16.640,0","","0,15%"
"12/12/2025","16.640,0","16.647,5","16.675,0","16.627,5","","-0,18%"
"11/12/2025","16.670,0","16.655,0","16.682,5","16.639,0","","-0,09%"
"10/12/2025","16.685,0","16.685,0","16.696,5","16.676,0","","0,12%"
"09/12/2025","16.665,0","16.690,0","16.697,5","16.659,5","","-0,15%"
"08/12/2025","16.690,0","16.660,0","16.696,5","16.650,0","","0,30%"
"05/12/2025","16.640,0","16.655,0","16.667,5","16.640,0","","-0,03%"
"04/12/2025","16.645,0","16.630,0","16.655,5","16.626,5","","0,15%"
"03/12/2025","16.620,0","16.625,0","16.637,5","16.617,5","","0,00%"
"02/12/2025","16.620,0","16.632,5","16.647,5","16.615,0","","-0,21%"
"01/12/2025","16.655,0","16.660,0","16.675,0","16.650,0","","0,00%"
"28/11/2025","16.655,0","16.637,5","16.670,0","16.632,5","","0,09%"
"27/11/2025","16.640,0","16.630,0","16.652,5","16.620,0","","-0,12%"
"26/11/2025","16.660,0","16.647,5","16.682,5","16.640,0","","0,00%"
"25/11/2025","16.660,0","16.670,0","16.688,5","16.655,0","","-0,19%"
"24/11/2025","16.692,5","16.710,0","16.720,0","16.692,5","","-0,01%"
"21/11/2025","16.694,0","16.740,0","16.741,0","16.694,0","","-0,22%"
"20/11/2025","16.730,0","16.740,0","16.755,0","16.725,0","","0,22%"
"19/11/2025","16.692,5","16.740,0","16.757,5","16.687,5","","-0,28%"
"18/11/2025","16.740,0","16.740,0","16.765,0","16.732,5","","0,09%"
"17/11/2025","16.725,0","16.712,5","16.738,0","16.710,0","","0,19%"
"14/11/2025","16.694,0","16.705,0","16.717,5","16.694,0","","-0,19%"
"13/11/2025","16.725,0","16.725,0","16.738,5","16.717,5","","0,17%"
"12/11/2025","16.697,0","16.700,0","16.727,5","16.684,5","","0,07%"
"11/11/2025","16.685,0","16.705,0","16.712,5","16.682,5","","0,21%"
"10/11/2025","16.650,0","16.670,0","16.682,5","16.645,0","","-0,21%"
"07/11/2025","16.684,5","16.717,5","16.725,0","16.680,0","","-0,06%"
"06/11/2025","16.694,0","16.700,0","16.716,0","16.683,5","","-0,07%"
"05/11/2025","16.705,0","16.730,0","16.745,0","16.702,5","","0,05%"
"04/11/2025","16.697,0","16.710,0","16.734,0","16.694,5","","0,25%"
"03/11/2025","16.655,0","16.635,0","16.673,5","16.627,5","","0,15%"
"31/10/2025","16.630,0","16.622,5","16.637,5","16.600,0","","-0,06%"
"30/10/2025","16.640,0","16.605,0","16.650,0","16.605,0","","0,15%"
"29/10/2025","16.615,0","16.607,5","16.635,5","16.605,0","","0,06%"
"28/10/2025","16.605,0","16.625,0","16.634,0","16.605,0","","-0,06%"
"27/10/2025","16.615,0","16.600,0","16.642,5","16.592,5","","0,12%"
"24/10/2025","16.595,0","16.624,0","16.643,0","16.595,0","","-0,15%"
"23/10/2025","16.620,0","16.610,0","16.652,5","16.605,0","","0,27%"
"22/10/2025","16.575,0","16.605,0","16.627,5","16.575,0","","-0,09%"
"21/10/2025","16.590,0","16.570,0","16.597,5","16.565,0","","0,09%"
"20/10/2025","16.575,0","16.575,0","16.595,0","16.554,0","","-0,03%"
"17/10/2025","16.580,0","16.580,0","16.595,0","16.577,5","","0,06%"
"16/10/2025","16.570,0","16.570,0","16.587,5","16.560,0","","0,03%"
"15/10/2025","16.565,0","16.590,0","16.595,0","16.563,5","","-0,06%"
"14/10/2025","16.575,0","16.560,0","16.595,0","16.549,5","","0,09%"
"13/10/2025","16.560,0","16.580,0","16.592,5","16.557,5","","0,06%"
"10/10/2025","16.550,0","16.577,5","16.597,5","16.550,0","","0,03%"
"09/10/2025","16.545,0","16.555,0","16.567,5","16.509,5","","-0,09%"
"08/10/2025","16.560,0","16.610,0","16.624,0","16.557,5","","0,12%"
"07/10/2025","16.540,0","16.580,0","16.600,0","16.525,0","","-0,06%"
"06/10/2025","16.550,0","16.557,5","16.610,0","16.542,5","","0,09%"
"03/10/2025","16.535,0","16.615,0","16.630,0","16.529,0","","-0,30%"
"02/10/2025","16.585,0","16.597,5","16.622,5","16.582,5","","-0,12%"
"01/10/2025","16.605,0","16.660,0","16.705,5","16.605,0","","-0,36%"
"30/09/2025","16.665,0","16.675,0","16.700,0","16.660,0","","-0,03%"
"29/09/2025","16.670,0","16.660,0","16.687,5","16.640,0","","-0,36%"
"26/09/2025","16.730,0","16.770,0","16.800,0","16.727,5","","-0,06%"
"25/09/2025","16.740,0","16.715,0","16.766,0","16.700,0","","0,39%"
"24/09/2025","16.675,0","16.685,0","16.695,0","16.660,0","","0,06%"
"23/09/2025","16.665,0","16.585,0","16.672,5","16.582,5","","0,36%"
"22/09/2025","16.605,0","16.625,0","16.642,5","16.578,5","","0,09%"
"19/09/2025","16.590,0","16.565,0","16.590,0","16.548,5","","0,51%"
"18/09/2025","16.505,0","16.455,0","16.525,0","16.455,0","","0,46%"
"17/09/2025","16.430,0","16.415,0","16.450,0","16.406,5","","-0,06%"
"16/09/2025","16.440,0","16.385,0","16.445,0","16.360,5","","0,18%"
"15/09/2025","16.410,0","16.418,5","16.436,0","16.385,0","","0,20%"
"12/09/2025","16.377,5","16.422,5","16.437,5","16.370,0","","-0,50%"
"11/09/2025","16.460,0","16.450,0","16.476,5","16.437,5","","0,00%"
"10/09/2025","16.460,0","16.467,5","16.477,5","16.439,0","","-0,09%"
"09/09/2025","16.475,0","16.460,0","16.502,5","16.410,0","","1,05%"
"08/09/2025","16.304,0","16.385,0","16.392,5","16.294,0","","-0,71%"
"05/09/2025","16.420,0","16.420,0","16.420,0","16.420,0","","0,00%"
"04/09/2025","16.420,0","16.445,0","16.457,5","16.417,5","","0,03%"
"03/09/2025","16.414,5","16.435,0","16.445,0","16.410,0","","0,09%"
"02/09/2025","16.400,0","16.430,0","16.450,0","16.387,5","","-0,09%"
"01/09/2025","16.415,0","16.475,0","16.502,5","16.410,0","","-0,45%"
"29/08/2025","16.490,0","16.350,0","16.500,0","16.350,0","","0,89%"
"28/08/2025","16.345,0","16.355,0","16.379,0","16.330,0","","-0,09%"
"27/08/2025","16.360,0","16.320,0","16.372,5","16.315,0","","0,40%"
"26/08/2025","16.294,5","16.265,0","16.305,0","16.254,0","","0,25%"
"25/08/2025","16.254,5","16.245,0","16.267,5","16.236,5","","-0,52%"
"22/08/2025","16.340,0","16.322,5","16.361,0","16.310,0","","0,34%"
"21/08/2025","16.285,0","16.270,0","16.295,0","16.267,0","","0,11%"
"20/08/2025","16.267,5","16.290,0","16.322,5","16.265,0","","0,17%"
"19/08/2025","16.240,0","16.220,0","16.291,5","16.215,0","","0,50%"
"18/08/2025","16.160,0","16.160,0","16.160,0","16.160,0","","0,00%"
"15/08/2025","16.160,0","16.150,0","16.171,5","16.139,5","","0,31%"
"14/08/2025","16.110,5","16.110,0","16.130,0","16.085,0","","-0,52%"
"13/08/2025","16.194,0","16.260,0","16.270,0","16.193,5","","-0,56%"
"12/08/2025","16.285,0","16.280,0","16.349,0","16.277,5","","0,09%"
"11/08/2025","16.270,0","16.252,5","16.278,5","16.230,0","","-0,12%"
"08/08/2025","16.290,0","16.305,0","16.332,5","16.275,0","","0,00%"
"07/08/2025","16.290,0","16.325,0","16.337,5","16.285,0","","-0,43%"
"06/08/2025","16.360,0","16.390,0","16.395,0","16.359,0","","-0,12%"
"05/08/2025","16.380,0","16.370,0","16.396,5","16.362,5","","-0,06%"
"04/08/2025","16.390,0","16.425,0","16.425,0","16.372,5","","-0,61%"
"01/08/2025","16.490,0","16.512,5","16.515,0","16.476,5","","0,21%"
"31/07/2025","16.455,0","16.437,5","16.466,0","16.430,0","","0,40%"
"30/07/2025","16.390,0","16.362,5","16.400,5","16.360,0","","-0,03%"
"29/07/2025","16.394,5","16.375,0","16.411,5","16.372,5","","0,33%"
"28/07/2025","16.340,0","16.325,0","16.355,0","16.320,0","","0,15%"
"25/07/2025","16.315,0","16.327,5","16.336,0","16.310,0","","0,18%"
"24/07/2025","16.285,0","16.270,0","16.295,5","16.257,5","","-0,03%"
"23/07/2025","16.290,0","16.275,0","16.306,5","16.267,5","","-0,12%"
"22/07/2025","16.310,0","16.312,5","16.320,0","16.288,5","","0,00%"
"21/07/2025","16.310,0","16.315,0","16.339,0","16.305,0","","0,12%"
"18/07/2025","16.290,0","16.325,0","16.325,0","16.287,0","","-0,24%"
"17/07/2025","16.330,0","16.290,0","16.342,5","16.285,0","","0,37%"
"16/07/2025","16.270,0","16.265,0","16.297,5","16.247,5","","0,06%"
"15/07/2025","16.260,0","16.267,5","16.296,0","16.255,0","","0,09%"
"14/07/2025","16.245,0","16.225,0","16.262,0","16.220,0","","0,22%"
"11/07/2025","16.210,0","16.227,5","16.235,0","16.209,0","","-0,06%"
"10/07/2025","16.220,0","16.245,0","16.245,0","16.205,0","","-0,14%"
"09/07/2025","16.242,5","16.250,0","16.265,0","16.235,0","","0,23%"
"08/07/2025","16.205,0","16.270,0","16.277,5","16.205,0","","-0,15%"
"07/07/2025","16.230,0","16.210,0","16.244,0","16.207,5","","0,28%"
"04/07/2025","16.185,0","16.222,5","16.237,5","16.175,0","","-0,03%"
"03/07/2025","16.190,0","16.205,0","16.225,0","16.187,5","","-0,31%"
"02/07/2025","16.240,0","16.202,5","16.248,5","16.200,0","","0,31%"
"01/07/2025","16.190,0","16.170,0","16.214,0","16.162,5","","-0,28%"
"30/06/2025","16.235,0","16.212,5","16.257,5","16.190,0","","0,19%"
"27/06/2025","16.204,0","16.204,0","16.204,0","16.204,0","","0,00%"
"26/06/2025","16.204,0","16.295,0","16.295,0","16.192,5","","-0,53%"
"25/06/2025","16.290,0","16.272,5","16.302,5","16.255,0","","-0,37%"
"24/06/2025","16.350,0","16.375,0","16.397,5","16.340,0","","-0,82%"
"23/06/2025","16.485,0","16.355,0","16.497,5","16.355,0","","0,61%"
"20/06/2025","16.385,0","16.372,5","16.412,5","16.362,5","","-0,06%"
"19/06/2025","16.395,0","16.350,0","16.412,5","16.342,0","","0,58%"
"18/06/2025","16.300,0","16.310,0","16.330,0","16.295,0","","0,12%"
"17/06/2025","16.280,0","16.297,5","16.307,5","16.259,5","","0,09%"
"16/06/2025","16.265,0","16.307,5","16.317,5","16.264,5","","-0,18%"
"13/06/2025","16.295,0","16.265,0","16.312,5","16.257,5","","0,37%"
"12/06/2025","16.235,0","16.245,0","16.257,5","16.215,0","","-0,12%"
"11/06/2025","16.255,0","16.270,0","16.272,5","16.254,5","","-0,09%"
"10/06/2025","16.270,0","16.270,0","16.290,0","16.259,5","","-0,03%"
"09/06/2025","16.275,0","16.275,0","16.275,0","16.275,0","","0,00%"
"06/06/2025","16.275,0","16.275,0","16.275,0","16.275,0","","0,00%"
"05/06/2025","16.275,0","16.275,0","16.292,5","16.257,5","","-0,09%"
"04/06/2025","16.290,0","16.302,5","16.317,5","16.287,0","","0,03%"
"03/06/2025","16.285,0","16.275,0","16.312,5","16.257,0","","0,25%"
"02/06/2025","16.245,0","16.320,0","16.337,5","16.245,0","","-0,28%"
"30/05/2025","16.290,0","16.290,0","16.290,0","16.290,0","","0,00%"
"29/05/2025","16.290,0","16.290,0","16.290,0","16.290,0","","0,00%"
"28/05/2025","16.290,0","16.287,5","16.312,5","16.275,0","","0,11%"
"27/05/2025","16.272,5","16.245,0","16.281,0","16.225,0","","0,20%"
"26/05/2025","16.240,0","16.185,0","16.245,0","16.155,0","","0,14%"
"23/05/2025","16.217,5","16.320,0","16.330,5","16.215,0","","-0,69%"
"22/05/2025","16.330,0","16.332,5","16.342,5","16.285,0","","-0,40%"
"21/05/2025","16.395,0","16.412,5","16.425,0","16.357,5","","-0,12%"
"20/05/2025","16.415,0","16.420,0","16.429,0","16.380,0","","-0,09%"
"19/05/2025","16.430,0","16.465,0","16.480,0","16.425,0","","-0,06%"
"16/05/2025","16.440,0","16.470,0","16.495,0","16.392,5","","-0,45%"
"15/05/2025","16.515,0","16.555,0","16.572,5","16.502,5","","-0,21%"
"14/05/2025","16.550,0","16.560,0","16.592,5","16.536,5","","0,21%"
"13/05/2025","16.515,0","16.515,0","16.515,0","16.515,0","","0,00%"
"12/05/2025","16.515,0","16.515,0","16.515,0","16.515,0","","0,00%"
"09/05/2025","16.515,0","16.537,5","16.565,0","16.500,0","","0,13%"
"08/05/2025","16.494,0","16.550,0","16.577,5","16.432,5","","-0,25%"
"07/05/2025","16.535,0","16.470,0","16.545,0","16.465,0","","0,52%"
"06/05/2025","16.450,0","16.465,0","16.492,5","16.435,0","","0,09%"
"05/05/2025","16.435,0","16.410,0","16.460,0","16.375,0","","0,00%"
"02/05/2025","16.435,0","16.615,0","16.615,0","16.424,5","","-0,99%"
"01/05/2025","16.600,0","16.600,0","16.600,0","16.600,0","","0,00%"
"30/04/2025","16.600,0","16.715,0","16.742,5","16.597,5","","-0,95%"
"29/04/2025","16.760,0","16.810,0","16.815,0","16.759,5","","-0,56%"
"28/04/2025","16.855,0","16.835,0","16.867,0","16.830,0","","0,15%"
"25/04/2025","16.830,0","16.825,0","16.842,5","16.807,5","","-0,24%"
"24/04/2025","16.870,0","16.867,5","16.887,5","16.862,5","","0,03%"
"23/04/2025","16.865,0","16.870,0","16.887,5","16.855,0","","0,06%"
"22/04/2025","16.855,0","16.835,0","16.867,5","16.835,0","","0,33%"
"21/04/2025","16.800,0","16.825,0","16.837,5","16.795,0","","-0,12%"
"18/04/2025","16.820,0","16.820,0","16.820,0","16.820,0","","0,00%"
"17/04/2025","16.820,0","16.830,0","16.845,0","16.802,5","","0,00%"
"16/04/2025","16.820,0","16.815,0","16.855,0","16.815,0","","0,06%"
"15/04/2025","16.810,0","16.782,5","16.825,0","16.770,0","","0,24%"
"14/04/2025","16.770,0","16.787,5","16.793,5","16.750,0","","-0,12%"
"11/04/2025","16.790,0","16.797,5","16.820,0","16.765,0","","-0,03%"
"10/04/2025","16.795,0","16.815,0","16.815,0","16.727,5","","-0,39%"
"09/04/2025","16.860,0","16.925,0","16.972,5","16.862,5","","0,00%"
"08/04/2025","16.860,0","16.852,5","16.874,0","16.825,0","","1,84%"
"07/04/2025","16.555,0","16.555,0","16.555,0","16.555,0","","0,00%"
"04/04/2025","16.555,0","16.555,0","16.555,0","16.555,0","","0,00%"
"03/04/2025","16.555,0","16.555,0","16.555,0","16.555,0","","0,00%"
"02/04/2025","16.555,0","16.555,0","16.555,0","16.555,0","","0,00%"
"01/04/2025","16.555,0","16.555,0","16.555,0","16.555,0","","0,00%"
"31/03/2025","16.555,0","16.555,0","16.555,0","16.555,0","","0,00%"
"28/03/2025","16.555,0","16.555,0","16.555,0","16.555,0","","0,00%"
"27/03/2025","16.555,0","16.610,0","16.615,0","16.541,5","","-0,12%"
"26/03/2025","16.575,0","16.605,0","16.615,0","16.560,0","","-0,09%"
"25/03/2025","16.590,0","16.597,5","16.645,0","16.587,5","","0,24%"
"24/03/2025","16.550,0","16.495,0","16.570,0","16.495,0","","0,33%"
"21/03/2025","16.495,0","16.497,5","16.516,5","16.475,0","","0,15%"
"20/03/2025","16.470,0","16.530,0","16.537,5","16.460,0","","-0,30%"
"19/03/2025","16.520,0","16.500,0","16.537,5","16.485,0","","0,61%"
"18/03/2025","16.420,0","16.400,0","16.477,5","16.386,5","","0,15%"
"17/03/2025","16.395,0","16.325,0","16.402,5","16.315,0","","0,31%"
"14/03/2025","16.345,0","16.405,0","16.417,5","16.347,5","","-0,46%"
"13/03/2025","16.420,0","16.465,0","16.467,5","16.400,0","","-0,12%"
"12/03/2025","16.440,0","16.440,0","16.465,0","16.430,0","","0,24%"
"11/03/2025","16.400,0","16.385,0","16.451,0","16.377,5","","0,40%"
"10/03/2025","16.335,0","16.295,0","16.355,0","16.285,0","","0,28%"
"07/03/2025","16.290,0","16.335,0","16.360,0","16.292,0","","-0,21%"
"06/03/2025","16.325,0","16.275,0","16.345,0","16.260,0","","0,09%"
"05/03/2025","16.310,0","16.410,0","16.437,5","16.307,5","","-0,79%"
"04/03/2025","16.440,0","16.450,0","16.467,5","16.425,0","","-0,21%"
"03/03/2025","16.475,0","16.540,0","16.545,0","16.475,0","","-0,60%"
"28/02/2025","16.575,0","16.535,0","16.592,5","16.515,0","","0,79%"
"27/02/2025","16.445,0","16.390,0","16.455,0","16.390,0","","0,49%"
"26/02/2025","16.365,0","16.352,5","16.410,0","16.287,5","","0,15%"
"25/02/2025","16.340,0","16.290,0","16.357,5","16.280,0","","0,43%"
"24/02/2025","16.270,0","16.310,0","16.327,5","16.270,0","","-0,18%"
"21/02/2025","16.300,0","16.290,0","16.317,5","16.272,5","","-0,15%"
"20/02/2025","16.325,0","16.355,0","16.372,5","16.322,0","","-0,03%"
"19/02/2025","16.330,0","16.320,0","16.372,5","16.307,5","","0,37%"
"18/02/2025","16.270,0","16.237,5","16.293,5","16.232,5","","0,37%"
"17/02/2025","16.210,0","16.185,0","16.227,0","16.174,0","","-0,28%"
"14/02/2025","16.255,0","16.290,0","16.315,0","16.247,5","","-0,58%"
"13/02/2025","16.350,0","16.385,0","16.400,0","16.348,5","","-0,06%"
"12/02/2025","16.360,0","16.357,5","16.380,5","16.346,5","","-0,06%"
"11/02/2025","16.370,0","16.367,5","16.390,0","16.355,0","","0,18%"
"10/02/2025","16.340,0","16.320,0","16.357,5","16.317,5","","0,43%"
"07/02/2025","16.270,0","16.332,5","16.350,0","16.275,0","","-0,34%"
"06/02/2025","16.325,0","16.292,5","16.345,0","16.287,0","","0,28%"
"05/02/2025","16.280,0","16.315,0","16.335,0","16.285,0","","-0,37%"
"04/02/2025","16.340,0","16.370,0","16.382,5","16.345,0","","-0,55%"
"03/02/2025","16.430,0","16.400,0","16.472,5","16.392,5","","0,83%"
"31/01/2025","16.295,0","16.280,0","16.322,5","16.280,0","","0,25%"
"30/01/2025","16.255,0","16.235,0","16.275,0","16.221,5","","0,53%"
"29/01/2025","16.170,0","16.170,0","16.170,0","16.170,0","","0,00%"
"28/01/2025","16.170,0","16.170,0","16.170,0","16.170,0","","0,00%"
"27/01/2025","16.170,0","16.170,0","16.170,0","16.170,0","","0,00%"
"24/01/2025","16.170,0","16.260,0","16.260,0","16.150,0","","-0,65%"
"23/01/2025","16.275,0","16.265,0","16.317,5","16.237,5","","-0,03%"
"22/01/2025","16.280,0","16.305,0","16.341,0","16.280,0","","-0,31%"
"21/01/2025","16.330,0","16.310,0","16.347,5","16.290,0","","-0,15%"
"20/01/2025","16.355,0","16.365,0","16.387,5","16.347,5","","-0,03%"
"17/01/2025","16.360,0","16.365,0","16.375,0","16.345,0","","0,03%"
"16/01/2025","16.355,0","16.355,0","16.390,0","16.347,5","","0,25%"
"15/01/2025","16.315,0","16.290,0","16.340,0","16.281,5","","0,34%"
"14/01/2025","16.260,0","16.270,0","16.282,5","16.250,0","","-0,06%"
"13/01/2025","16.270,0","16.247,5","16.292,5","16.232,5","","0,56%"
"10/01/2025","16.180,0","16.212,5","16.215,0","16.170,0","","-0,09%"
"09/01/2025","16.195,0","16.240,0","16.267,5","16.200,0","","0,03%"
"08/01/2025","16.190,0","16.167,5","16.215,0","16.157,5","","0,40%"
"07/01/2025","16.125,0","16.175,0","16.195,0","16.127,5","","-0,40%"
"06/01/2025","16.190,0","16.200,0","16.212,5","16.165,0","","0,03%"
"03/01/2025","16.185,0","16.225,0","16.245,0","16.190,0","","-0,03%"
"02/01/2025","16.190,0","16.200,0","16.262,5","16.174,5","","0,62%"
"01/01/2025","16.090,0","16.090,0","16.090,0","16.090,0","","0,00%"
"31/12/2024","16.090,0","16.090,0","16.172,5","16.070,0","","-0,25%"
"30/12/2024","16.130,0","16.175,0","16.195,0","16.127,5","","-0,62%"
"27/12/2024","16.230,0","16.207,5","16.260,0","16.205,0","","0,28%"
"26/12/2024","16.185,0","16.185,0","16.185,0","16.185,0","","0,00%"
"25/12/2024","16.185,0","16.185,0","16.185,0","16.185,0","","0,00%"
"24/12/2024","16.185,0","16.155,0","16.220,0","16.155,0","","0,09%"
"23/12/2024","16.170,0","16.182,5","16.197,5","16.125,0","","-0,12%"
"20/12/2024","16.190,0","16.315,0","16.322,5","16.192,0","","-0,58%"
"19/12/2024","16.285,0","16.205,0","16.305,0","16.185,0","","1,24%"
"18/12/2024","16.085,0","16.102,5","16.122,5","16.078,5","","0,16%"
"17/12/2024","16.060,0","16.020,0","16.071,5","16.012,5","","0,41%"
"16/12/2024","15.995,0","16.005,0","16.029,0","15.992,5","","0,03%"
"13/12/2024","15.990,0","15.965,0","16.002,5","15.955,0","","0,44%"
"12/12/2024","15.920,0","15.940,0","15.955,0","15.925,0","","0,06%"
"11/12/2024","15.910,0","15.880,0","15.922,5","15.877,0","","0,32%"
"10/12/2024","15.860,0","15.855,0","15.883,5","15.847,5","","0,00%"
"09/12/2024","15.860,0","15.855,0","15.877,5","15.832,5","","0,09%"
"06/12/2024","15.845,0","15.860,0","15.862,5","15.832,5","","-0,06%"
"05/12/2024","15.855,0","15.912,5","15.927,5","15.859,5","","-0,44%"
"04/12/2024","15.925,0","15.955,0","15.977,5","15.925,0","","-0,06%"
"03/12/2024","15.935,0","15.925,0","15.964,0","15.920,0","","0,25%"
"02/12/2024","15.895,0","15.870,0","15.917,5","15.865,0","","0,35%"
"29/11/2024","15.840,0","15.865,0","15.877,5","15.835,0","","-0,16%"
"28/11/2024","15.865,0","15.875,0","15.891,5","15.840,0","","-0,38%"
"27/11/2024","15.925,0","15.925,0","15.925,0","15.925,0","","0,00%"
"26/11/2024","15.925,0","15.912,5","15.939,5","15.895,0","","0,38%"
"25/11/2024","15.865,0","15.880,0","15.887,5","15.846,5","","-0,03%"
"22/11/2024","15.870,0","15.930,0","15.937,5","15.875,0","","-0,31%"
"21/11/2024","15.920,0","15.905,0","15.956,5","15.900,0","","0,38%"
"20/11/2024","15.860,0","15.845,0","15.875,0","15.830,0","","0,22%"
"19/11/2024","15.825,0","15.810,0","15.837,5","15.790,0","","-0,13%"
"18/11/2024","15.845,0","15.865,0","15.877,5","15.830,0","","-0,03%"
"15/11/2024","15.850,0","15.915,0","15.967,5","15.855,0","","0,00%"
"14/11/2024","15.850,0","15.820,0","15.892,5","15.817,5","","0,51%"
"13/11/2024","15.770,0","15.765,0","15.797,5","15.752,5","","-0,03%"
"12/11/2024","15.775,0","15.745,0","15.798,5","15.732,5","","0,64%"
"11/11/2024","15.675,0","15.640,0","15.691,0","15.632,5","","0,06%"
"08/11/2024","15.665,0","15.625,0","15.697,5","15.617,5","","-0,41%"
"07/11/2024","15.730,0","15.815,0","15.830,0","15.735,0","","-0,60%"
"06/11/2024","15.825,0","15.787,5","15.862,5","15.787,5","","0,60%"
"05/11/2024","15.730,0","15.780,0","15.795,0","15.725,0","","-0,13%"
"04/11/2024","15.750,0","15.735,0","15.776,0","15.717,5","","0,22%"
"01/11/2024","15.715,0","15.705,0","15.732,5","15.698,5","","0,16%"
"31/10/2024","15.690,0","15.700,0","15.715,0","15.680,0","","0,00%"
"30/10/2024","15.690,0","15.752,5","15.755,0","15.695,0","","-0,41%"
"29/10/2024","15.755,0","15.737,5","15.778,5","15.730,0","","0,22%"
"28/10/2024","15.720,0","15.695,0","15.740,0","15.687,5","","0,54%"
"25/10/2024","15.635,0","15.602,5","15.643,5","15.592,5","","0,39%"
"24/10/2024","15.575,0","15.640,0","15.650,0","15.580,0","","-0,26%"
"23/10/2024","15.615,0","15.595,0","15.636,0","15.586,0","","0,39%"
"22/10/2024","15.555,0","15.530,0","15.575,0","15.527,5","","0,42%"
"21/10/2024","15.490,0","15.460,0","15.502,5","15.425,0","","0,19%"
"18/10/2024","15.460,0","15.515,0","15.522,5","15.443,5","","-0,19%"
"17/10/2024","15.490,0","15.545,0","15.555,0","15.485,0","","-0,10%"
"16/10/2024","15.505,0","15.545,0","15.561,0","15.507,5","","-0,45%"
"15/10/2024","15.575,0","15.555,0","15.584,0","15.532,5","","0,13%"
"14/10/2024","15.555,0","15.590,0","15.615,0","15.557,5","","-0,13%"
"11/10/2024","15.575,0","15.665,0","15.672,5","15.577,5","","-0,54%"
"10/10/2024","15.660,0","15.655,0","15.677,5","15.632,5","","0,29%"
"09/10/2024","15.615,0","15.625,0","15.640,0","15.580,0","","-0,16%"
"08/10/2024","15.640,0","15.685,0","15.701,5","15.625,0","","-0,22%"
"07/10/2024","15.675,0","15.625,0","15.700,0","15.625,0","","1,26%"
"04/10/2024","15.480,0","15.495,0","15.532,5","15.467,5","","0,42%"
"03/10/2024","15.415,0","15.327,5","15.437,5","15.305,0","","1,02%"
"02/10/2024","15.260,0","15.200,0","15.285,0","15.200,0","","0,43%"
"01/10/2024","15.195,0","15.175,0","15.212,5","15.167,5","","0,40%"
"30/09/2024","15.135,0","15.125,0","15.192,5","15.109,0","","0,10%"
"27/09/2024","15.120,0","15.100,0","15.160,0","15.082,5","","-0,26%"
"26/09/2024","15.160,0","15.130,0","15.187,5","15.122,5","","0,43%"
"25/09/2024","15.095,0","15.115,0","15.127,5","15.065,0","","-0,56%"
"24/09/2024","15.180,0","15.195,0","15.212,5","15.172,5","","-0,10%"
"23/09/2024","15.195,0","15.145,0","15.212,5","15.137,5","","0,33%"
"20/09/2024","15.145,0","15.130,0","15.152,5","15.070,0","","-0,56%"
"19/09/2024","15.230,0","15.345,0","15.357,5","15.232,5","","-0,65%"
"18/09/2024","15.330,0","15.325,0","15.360,0","15.312,5","","0,00%"
"17/09/2024","15.330,0","15.370,0","15.375,0","15.315,0","","-0,41%"
"16/09/2024","15.393,1","15.400,0","15.408,5","15.354,0","","-0,01%"
"13/09/2024","15.395,0","15.417,5","15.455,0","15.390,0","","-0,19%"
"12/09/2024","15.425,0","15.415,0","15.446,5","15.400,0","","0,19%"
"11/09/2024","15.395,0","15.440,0","15.440,0","15.395,0","","-0,32%"
"10/09/2024","15.445,0","15.475,0","15.485,0","15.431,5","","-0,03%"
"09/09/2024","15.450,0","15.475,0","15.485,0","15.416,0","","0,59%"
"06/09/2024","15.360,0","15.390,0","15.398,5","15.352,0","","-0,23%"
"05/09/2024","15.395,0","15.422,5","15.432,5","15.394,0","","-0,48%"
"04/09/2024","15.470,0","15.530,0","15.542,5","15.470,0","","-0,32%"
"03/09/2024","15.520,0","15.547,5","15.583,5","15.522,5","","0,00%"
"02/09/2024","15.520,0","15.497,5","15.555,0","15.492,5","","0,45%"
"30/08/2024","15.450,0","15.450,0","15.490,0","15.437,5","","0,26%"
"29/08/2024","15.410,0","15.420,0","15.447,5","15.367,5","","-0,06%"
"28/08/2024","15.420,0","15.517,5","15.532,5","15.420,0","","-0,45%"
"27/08/2024","15.490,0","15.480,0","15.545,0","15.460,0","","0,42%"
"26/08/2024","15.425,0","15.341,0","15.435,0","15.295,0","","-0,39%"
"23/08/2024","15.485,0","15.635,0","15.662,5","15.425,0","","-0,71%"
"22/08/2024","15.595,0","15.505,0","15.642,5","15.505,0","","0,74%"
"21/08/2024","15.480,0","15.450,0","15.500,0","15.422,0","","0,32%"
"20/08/2024","15.430,0","15.515,0","15.522,5","15.420,0","","-0,74%"
"19/08/2024","15.545,0","15.635,0","15.656,5","15.550,0","","-0,89%"
"16/08/2024","15.685,0","15.755,0","15.759,0","15.675,0","","-0,03%"
"15/08/2024","15.690,0","15.615,0","15.720,0","15.615,0","","0,10%"
"14/08/2024","15.675,0","15.725,0","15.737,5","15.665,0","","-0,98%"
"13/08/2024","15.830,0","15.935,0","15.962,5","15.824,5","","-0,75%"
"12/08/2024","15.950,0","15.940,0","15.985,0","15.925,0","","0,19%"
"09/08/2024","15.920,0","15.937,5","15.945,0","15.884,0","","0,19%"
"08/08/2024","15.890,0","16.005,0","16.012,5","15.894,0","","-0,87%"
"07/08/2024","16.030,0","16.160,0","16.177,5","16.021,5","","-0,80%"
"06/08/2024","16.160,0","16.210,0","16.215,0","16.165,0","","-0,12%"
"05/08/2024","16.180,0","16.180,0","16.197,5","16.122,5","","-0,09%"
"02/08/2024","16.195,0","16.260,0","16.281,5","16.194,5","","-0,22%"
"01/08/2024","16.230,0","16.255,0","16.270,0","16.210,0","","-0,15%"
"31/07/2024","16.255,0","16.305,0","16.323,0","16.259,0","","-0,25%"
"30/07/2024","16.295,0","16.305,0","16.332,5","16.290,0","","0,12%"
"29/07/2024","16.275,0","16.290,0","16.295,0","16.266,5","","-0,06%"
"26/07/2024","16.285,0","16.287,5","16.302,5","16.267,5","","0,25%"
"25/07/2024","16.245,0","16.237,5","16.276,0","16.230,0","","0,22%"
"24/07/2024","16.210,0","16.220,0","16.232,5","16.210,0","","0,03%"
"23/07/2024","16.205,0","16.215,0","16.222,5","16.185,0","","-0,06%"
"22/07/2024","16.215,0","16.210,0","16.237,5","16.205,0","","0,19%"
"19/07/2024","16.185,0","16.195,0","16.225,0","16.175,0","","0,22%"
"18/07/2024","16.150,0","16.135,0","16.170,0","16.125,0","","0,34%"
"17/07/2024","16.095,0","16.155,0","16.165,0","16.096,0","","-0,49%"
"16/07/2024","16.175,0","16.200,0","16.252,5","16.179,5","","0,06%"
"15/07/2024","16.165,0","16.145,0","16.189,0","16.137,5","","0,19%"
"12/07/2024","16.135,0","16.135,0","16.164,5","16.130,0","","-0,34%"
"11/07/2024","16.190,0","16.217,5","16.220,0","16.185,0","","-0,28%"
"10/07/2024","16.235,0","16.287,5","16.300,0","16.238,5","","-0,06%"
"09/07/2024","16.245,0","16.300,0","16.315,0","16.249,5","","-0,03%"
"08/07/2024","16.250,0","16.275,0","16.285,0","16.246,5","","-0,15%"
"05/07/2024","16.275,0","16.332,5","16.345,0","16.270,0","","-0,31%"
"04/07/2024","16.325,0","16.330,0","16.356,5","16.320,0","","-0,24%"
"03/07/2024","16.365,0","16.382,5","16.401,5","16.365,0","","-0,15%"
"02/07/2024","16.390,0","16.355,0","16.402,5","16.347,5","","0,43%"
"01/07/2024","16.320,0","16.352,5","16.412,5","16.315,0","","-0,31%"
"28/06/2024","16.370,0","16.410,0","16.422,5","16.375,0","","-0,15%"
"27/06/2024","16.395,0","16.410,0","16.432,5","16.392,5","","-0,03%"
"26/06/2024","16.400,0","16.420,0","16.450,0","16.400,0","","0,18%"
"25/06/2024","16.370,0","16.382,5","16.465,0","16.360,0","","-0,12%"
"24/06/2024","16.390,0","16.470,0","16.475,0","16.394,0","","-0,33%"
"21/06/2024","16.445,0","16.465,0","16.482,5","16.440,0","","0,12%"
"20/06/2024","16.425,0","16.375,0","16.430,0","16.371,5","","0,40%"
"19/06/2024","16.360,0","16.405,0","16.405,0","16.345,0","","-0,10%"
"18/06/2024","16.376,1","16.486,0","16.486,0","16.360,0","","-0,67%"
"17/06/2024","16.486,0","16.486,5","16.489,7","16.404,9","","0,56%"
"14/06/2024","16.395,0","16.287,5","16.417,5","16.282,5","","0,80%"
"13/06/2024","16.265,0","16.270,0","16.292,5","16.262,5","","-0,15%"
"12/06/2024","16.290,0","16.297,5","16.305,5","16.287,5","","0,03%"
"11/06/2024","16.285,0","16.285,0","16.302,5","16.278,0","","0,06%"
"10/06/2024","16.275,0","16.265,0","16.295,5","16.247,5","","0,53%"
"07/06/2024","16.190,0","16.240,0","16.245,0","16.190,0","","-0,40%"
"06/06/2024","16.255,0","16.285,0","16.287,5","16.257,5","","-0,15%"
"05/06/2024","16.280,0","16.255,0","16.293,5","16.247,5","","0,40%"
"04/06/2024","16.215,0","16.195,0","16.240,0","16.190,0","","-0,06%"
"03/06/2024","16.225,0","16.255,0","16.265,0","16.205,0","","-0,12%"
"31/05/2024","16.245,0","16.265,0","16.267,5","16.237,5","","-0,06%"
"30/05/2024","16.255,0","16.222,5","16.275,0","16.222,5","","0,62%"
"29/05/2024","16.155,0","16.130,0","16.167,5","16.117,5","","0,44%"
"28/05/2024","16.085,0","16.070,0","16.101,5","16.070,0","","0,16%"
"27/05/2024","16.060,0","16.030,0","16.072,5","16.015,0","","0,09%"
"24/05/2024","16.045,0","16.102,3","16.121,0","16.026,0","","-0,36%"
"23/05/2024","16.102,3","16.048,0","16.102,3","16.018,3","","0,70%"
"22/05/2024","15.990,0","15.990,0","16.010,0","15.967,5","","0,00%"
"21/05/2024","15.990,0","16.040,0","16.042,5","15.994,5","","0,13%"
"20/05/2024","15.970,0","15.960,0","15.987,5","15.960,0","","0,13%"
"17/05/2024","15.950,0","15.960,0","15.988,5","15.945,0","","0,19%"
"16/05/2024","15.920,0","15.922,5","15.960,0","15.912,5","","-0,66%"
"15/05/2024","16.025,0","16.080,0","16.095,0","16.026,5","","-0,40%"
"14/05/2024","16.090,0","16.130,0","16.141,5","16.100,0","","0,09%"
"13/05/2024","16.075,0","16.070,0","16.096,5","16.067,5","","0,10%"
"10/05/2024","16.058,9","16.036,5","16.080,0","16.009,7","","0,21%"
"09/05/2024","16.026,0","16.080,5","16.083,3","16.014,8","","-0,09%"
"08/05/2024","16.040,0","16.090,0","16.095,0","16.045,0","","0,00%"
"07/05/2024","16.040,0","16.065,0","16.070,5","16.044,5","","0,12%"
"06/05/2024","16.020,0","15.985,0","16.032,5","15.980,0","","-0,37%"
"03/05/2024","16.080,0","16.075,0","16.107,5","16.072,5","","-0,62%"
"02/05/2024","16.180,0","16.250,0","16.250,0","16.185,0","","-0,08%"
"01/05/2024","16.193,6","16.279,0","16.280,5","16.167,3","","-0,38%"
"30/04/2024","16.255,0","16.265,0","16.282,5","16.259,5","","0,03%"
"29/04/2024","16.250,0","16.237,5","16.265,0","16.229,5","","0,28%"
"26/04/2024","16.205,0","16.200,0","16.229,5","16.197,5","","0,12%"
"25/04/2024","16.185,0","16.205,0","16.223,5","16.179,0","","0,22%"
"24/04/2024","16.150,0","16.150,0","16.180,0","16.145,0","","-0,40%"
"23/04/2024","16.215,0","16.245,0","16.252,5","16.220,0","","-0,09%"
"22/04/2024","16.230,0","16.217,5","16.245,0","16.207,5","","-0,12%"
"19/04/2024","16.250,0","16.265,0","16.290,0","16.255,0","","0,49%"
"18/04/2024","16.170,0","16.185,0","16.195,0","16.155,0","","-0,28%"
"17/04/2024","16.215,0","16.235,0","16.272,5","16.210,0","","0,28%"
"16/04/2024","16.170,0","16.075,0","16.210,0","16.072,5","","0,33%"
"15/04/2024","16.116,7","16.118,0","16.138,0","16.050,8","","0,00%"
"12/04/2024","16.117,0","16.030,5","16.161,3","15.996,0","","0,54%"
"11/04/2024","16.031,0","16.002,0","16.036,5","15.950,5","","0,21%"
"10/04/2024","15.998,0","15.900,0","16.002,0","15.826,0","","0,62%"
"09/04/2024","15.899,0","15.925,0","15.925,0","15.833,0","","-0,16%"
"08/04/2024","15.925,0","15.888,0","15.928,0","15.867,0","","0,54%"
"05/04/2024","15.840,0","15.907,5","15.916,0","15.842,5","","-0,31%"
"04/04/2024","15.890,0","15.937,5","15.937,5","15.890,0","","-0,16%"
"03/04/2024","15.915,0","15.930,0","15.940,0","15.905,0","","0,13%"
"02/04/2024","15.895,0","15.947,5","15.965,0","15.897,0","","0,06%"
"01/04/2024","15.885,0","15.875,0","15.920,0","15.872,5","","0,03%"
"29/03/2024","15.880,0","15.891,0","15.909,3","15.858,5","","0,19%"
"28/03/2024","15.850,0","15.880,0","15.894,0","15.855,0","","0,00%"
"27/03/2024","15.850,0","15.830,0","15.865,0","15.818,5","","0,41%"
"26/03/2024","15.785,0","15.800,0","15.810,0","15.780,0","","-0,06%"
"25/03/2024","15.795,0","15.785,0","15.808,5","15.775,0","","0,13%"
"22/03/2024","15.775,0","15.730,0","15.790,0","15.722,5","","0,77%"
"21/03/2024","15.655,0","15.665,0","15.680,0","15.647,0","","-0,35%"
"20/03/2024","15.710,0","15.722,5","15.742,5","15.708,5","","0,00%"
"19/03/2024","15.710,0","15.720,0","15.735,0","15.697,5","","0,16%"
"18/03/2024","15.685,0","15.625,0","15.698,0","15.622,5","","0,61%"
"15/03/2024","15.590,0","15.630,0","15.641,5","15.594,5","","0,10%"
"14/03/2024","15.575,0","15.580,0","15.589,5","15.569,5","","0,03%"
"13/03/2024","15.570,0","15.570,0","15.595,0","15.557,5","","0,06%"
"12/03/2024","15.561,0","15.526,5","15.563,0","15.470,9","","0,23%"
"11/03/2024","15.525,0","15.541,3","15.590,0","15.438,5","","-0,38%"
"08/03/2024","15.585,0","15.625,0","15.640,0","15.573,0","","-0,42%"
"07/03/2024","15.650,0","15.667,5","15.685,0","15.635,0","","-0,29%"
"06/03/2024","15.695,0","15.760,0","15.760,0","15.690,0","","-0,44%"
"05/03/2024","15.765,0","15.752,5","15.777,5","15.735,0","","0,19%"
"04/03/2024","15.735,0","15.705,0","15.740,0","15.704,5","","0,25%"
"01/03/2024","15.695,0","15.722,5","15.722,5","15.680,0","","-0,10%"
"29/02/2024","15.710,0","15.705,0","15.735,5","15.690,0","","0,19%"
"28/02/2024","15.680,0","15.645,0","15.692,0","15.645,0","","0,29%"
"27/02/2024","15.635,0","15.650,0","15.662,5","15.640,0","","0,06%"
"26/02/2024","15.625,0","15.622,5","15.642,5","15.619,0","","0,22%"
"23/02/2024","15.590,0","15.602,5","15.607,5","15.572,5","","0,03%"
"22/02/2024","15.585,0","15.640,0","15.659,5","15.589,5","","-0,29%"
"21/02/2024","15.630,0","15.670,0","15.685,0","15.635,0","","-0,16%"
"20/02/2024","15.655,0","15.640,0","15.669,0","15.637,5","","0,19%"
"19/02/2024","15.625,0","15.640,0","15.642,5","15.616,0","","0,06%"
"16/02/2024","15.615,0","15.655,0","15.677,5","15.620,0","","0,00%"
"15/02/2024","15.615,0","15.582,5","15.640,0","15.547,5","","-0,11%"
"14/02/2024","15.632,0","15.677,0","15.726,7","15.560,6","","0,27%"
"13/02/2024","15.590,0","15.590,0","15.614,0","15.565,0","","0,00%"
"12/02/2024","15.590,0","15.640,0","15.640,0","15.594,5","","-0,14%"
"09/02/2024","15.611,5","15.665,0","15.666,0","15.609,0","","-0,34%"
"08/02/2024","15.665,0","15.654,0","15.678,0","15.618,0","","0,22%"
"07/02/2024","15.630,0","15.722,5","15.727,5","15.615,0","","-0,60%"
"06/02/2024","15.725,0","15.752,5","15.757,5","15.722,5","","0,16%"
"05/02/2024","15.700,0","15.725,0","15.727,5","15.690,5","","0,29%"
"02/02/2024","15.655,0","15.755,0","15.755,0","15.644,0","","-0,67%"
"01/02/2024","15.760,0","15.787,5","15.802,5","15.757,5","","-0,10%"
"31/01/2024","15.775,0","15.802,5","15.818,0","15.778,0","","-0,01%"
"30/01/2024","15.777,0","15.800,0","15.816,0","15.775,0","","-0,18%"
"29/01/2024","15.805,0","15.812,5","15.833,0","15.807,5","","-0,06%"
"26/01/2024","15.815,0","15.837,5","15.847,5","15.810,0","","-0,03%"
"25/01/2024","15.820,0","15.710,0","15.835,0","15.705,0","","0,73%"
"24/01/2024","15.705,0","15.694,0","15.730,0","15.693,0","","0,51%"
"23/01/2024","15.625,0","15.660,0","15.677,5","15.630,0","","-0,03%"
"22/01/2024","15.630,0","15.607,5","15.640,0","15.607,5","","0,13%"
"19/01/2024","15.610,0","15.617,5","15.637,5","15.612,5","","-0,03%"
"18/01/2024","15.615,0","15.617,5","15.637,5","15.612,5","","-0,13%"
"17/01/2024","15.635,0","15.625,0","15.647,5","15.617,5","","0,32%"
"16/01/2024","15.585,0","15.572,5","15.598,5","15.570,0","","0,23%"
"15/01/2024","15.550,0","15.555,0","15.562,5","15.545,0","","0,03%"