,,,,,,,,,,,,,,Dalam Jutaan Rupiah / In Millions Rupiah
Laporan Posisi Keuangan / Statement Of Financial Position,,,,,,,,,,,,,,
Asuransi Umum Konvensional/Conventional General Insurance ,,,,,,,,,,,,,,
,Akun,"Januari/
January","Februari/
February","Maret/
March","April/
April","Mei/
May","Juni/
June","Juli/
July","Agustus/
August","September/
September","Oktober/
October","November/
November","Desember/
December",Account
1,Deposito Berjangka," 26,057,957 "," 26,175,263 "," 26,260,883 "," 26,039,616 "," 25,246,754 "," 24,148,775 "," 23,692,896 "," 23,795,975 "," 23,643,090 "," 23,914,839 "," 23,158,623 "," 23,246,703 ", Time Deposit  
2,Sertifikat Deposito," 23,350 "," 35,850 "," 72,650 ", -   , -   , -   , -   , -   , -   , -   , -   , -   , Certificate Of Deposit 
3,Saham ," 5,336,587 "," 5,371,533 "," 5,398,459 "," 5,419,901 "," 5,421,497 "," 5,292,134 "," 5,355,040 "," 5,309,701 "," 5,303,107 "," 5,314,444 "," 5,284,934 "," 5,040,243 ", Stocks 
4,Obligasi Korporasi," 12,242,460 "," 12,308,147 "," 12,366,965 "," 12,140,158 "," 12,036,929 "," 11,958,422 "," 12,080,270 "," 12,031,756 "," 12,145,370 "," 11,909,993 "," 12,218,201 "," 12,080,201 ", Bonds 
5,MTN," 297,710 "," 274,782 "," 274,786 "," 273,498 "," 273,503 "," 261,017 "," 261,024 "," 262,342 "," 149,850 "," 103,900 "," 103,900 "," 102,725 ", Medium Term Note 
6,Surat Berharga yang Diterbitkan oleh Negara RI ," 36,326,667 "," 36,713,270 "," 36,883,478 "," 37,115,635 "," 37,987,625 "," 38,534,277 "," 38,753,976 "," 40,562,770 "," 41,536,005 "," 40,641,300 "," 41,202,196 "," 41,707,042 ", Marketable Securities Issued By Republic Indonesia 
7,Surat Berharga yang Diterbitkan oleh Negara Selain Negara RI ," 40,126 "," 39,281 "," 39,685 "," 40,318 "," 40,499 "," 41,061 "," 41,188 "," 38,958 "," 76,988 "," 79,207 "," 79,803 "," 81,185 ",    Marketable Securities Issued By other than Republic Indonesia 
8,Surat Berharga yang Diterbitkan oleh Bank Indonesia, -   , -   , -   ," 27,059 "," 290,271 "," 432,088 "," 824,285 "," 1,072,358 "," 1,190,085 "," 2,208,881 "," 2,513,238 "," 2,713,804 ", Marketable Securities Issued By Bank Indonesia 
9,Surat Berharga yang Diterbitkan oleh Lembaga Multinasional, -   , -   , -   , -   , -   , -   , -   , -   , -   , -   , -   , -   , Marketable Securities Issued By Multinational Institution 
10,Reksa Dana," 22,513,505 "," 22,798,677 "," 22,529,161 "," 22,786,988 "," 22,651,369 "," 22,904,019 "," 23,930,961 "," 23,605,408 "," 23,587,668 "," 23,425,610 "," 23,096,693 "," 22,313,341 ", Mutual Fund 
11,Efek Beragun Aset ," 46,485 "," 46,667 "," 45,442 "," 45,054 "," 44,975 "," 43,927 "," 43,917 "," 44,213 "," 42,319 "," 42,401 "," 42,190 "," 42,839 ", Collective Investment Contract-Assets Backed Securities 
12,Dana Investasi Real Estat, -   , -   , -   , -   , -   , -   , -   , -   , -   , -   , -   , -   , Real Estate Investment Fund 
13,REPO, -   , -   , -   , -   , -   , -   , -   , -   , -   , -   , -   , -   , Repurchase Order 
14,Penyertaan Langsung," 10,682,408 "," 10,745,787 "," 10,805,165 "," 10,841,727 "," 10,890,085 "," 10,891,729 "," 10,913,237 "," 10,947,631 "," 11,057,927 "," 11,117,487 "," 11,265,038 "," 11,952,467 ", Direct Investment 
15,"Tanah, Bangunan dengan Hak Strata, atau Tanah dengan Bangunan, untuk Investasi"," 1,223,332 "," 1,173,092 "," 1,174,114 "," 1,173,591 "," 1,173,612 "," 1,185,799 "," 1,185,380 "," 1,212,293 "," 1,209,407 "," 1,158,836 "," 1,135,348 "," 1,149,569 ", Buildings With Strata Title or Real Estate For Investment 
16,Pembiayaan Melalui Kerjasama dengan Pihak Lain (Executing)," 31,300 "," 31,300 "," 31,300 "," 31,300 "," 31,300 "," 31,300 "," 31,300 "," 15,650 ", -   , -   , -   , -   , Executing 
17,Emas Murni, 114 , 114 , 125 , 133 , 134 , 137 , 141 , 140 , 146 , 157 , 151 , 153 , Gold 
18,Pinjaman yang Dijamin dengan Hak Tanggungan," 58,476 "," 20,337 "," 28,817 "," 28,274 "," 27,758 "," 24,802 "," 23,410 "," 30,488 "," 30,068 "," 29,747 "," 30,903 "," 30,479 ", Mortgage 
19,Pinjaman Polis*, -   , -   , -   , -   , -   , -   , -   , -   , -   , -   , -   , -   , Policy Loan 
20,Obligasi Daerah**, -   , -   , -   , -   , -   , -   , -   , -   , -   , -   , -   , -   ,
21,Dana Investasi Infrastruktur Berbentuk Kontrak Investasi Kolektif **," 30,030 ", -   , -   ," 30,030 "," 30,030 ", -   , -   , -   , -   , -   , -   , -   ,
22,Investasi Lain," 227,644 "," 216,040 "," 216,040 "," 216,040 "," 216,040 "," 216,040 "," 216,040 "," 216,040 "," 216,040 "," 216,040 "," 216,040 "," 214,040 ", Other Investment 
23,Jumlah Investasi," 115,138,150 "," 115,980,169 "," 116,157,099 "," 116,209,320 "," 116,362,380 "," 115,965,525 "," 117,353,068 "," 119,145,722 "," 120,188,068 "," 120,162,841 "," 120,347,258 "," 120,674,790 ", Total Investment 
24,Kas dan Bank," 7,401,789 "," 7,428,454 "," 7,349,655 "," 7,579,322 "," 7,970,589 "," 8,371,236 "," 8,125,898 "," 7,642,708 "," 8,499,066 "," 7,989,523 "," 8,214,976 "," 7,426,696 ", Cash and Bank 
25,Tagihan Premi Penutupan Langsung," 21,848,334 "," 22,160,022 "," 21,693,912 "," 21,226,673 "," 20,733,409 "," 21,258,441 "," 21,550,421 "," 20,227,436 "," 19,363,324 "," 19,310,495 "," 18,668,892 "," 24,002,160 ", Premium Receivable 
26,Tagihan Premi Reasuransi," 2,951,921 "," 3,133,447 "," 3,216,393 "," 3,270,905 "," 3,582,124 "," 3,557,903 "," 3,744,353 "," 4,358,988 "," 3,972,561 "," 2,582,277 "," 2,702,915 "," 2,661,440 ", Reinsurance Premium Receivable 
27,Aset Reasuransi," 55,088,526 "," 58,356,696 "," 59,029,896 "," 59,632,630 "," 58,072,266 "," 59,707,491 "," 59,196,117 "," 57,217,397 "," 54,953,799 "," 56,370,219 "," 55,079,310 "," 55,577,502 ", Reinsurance Asset 
28,Tagihan Klaim Koasuransi," 985,779 "," 741,466 "," 716,553 "," 829,482 "," 731,786 "," 837,327 "," 1,038,347 "," 852,057 "," 870,920 "," 738,795 "," 680,853 "," 991,241 ", Coinsurance Claim Receivable 
29,Tagihan Klaim Reasuransi," 6,223,665 "," 6,262,982 "," 6,010,543 "," 5,997,236 "," 5,808,493 "," 5,971,377 "," 6,081,757 "," 6,244,826 "," 6,022,330 "," 7,236,609 "," 7,009,689 "," 6,561,270 ", Reinsurance Claim Receivable 
30,Tagihan Investasi," 31,920 "," 31,487 "," 25,550 "," 70,589 "," 92,434 "," 91,923 "," 66,923 "," 66,841 "," 66,781 "," 94,853 "," 77,431 "," 69,168 ", Investment Receivable 
31,Tagihan Hasil Investasi," 838,574 "," 831,107 "," 757,596 "," 742,003 "," 643,228 "," 751,647 "," 900,793 "," 945,386 "," 839,682 "," 764,415 "," 674,186 "," 753,233 ", Investment Yield Receivable 
32,Bangunan dengan Hak Strata atau Tanah dengan Bangunan untuk Dipakai Sendiri," 4,352,415 "," 4,344,919 "," 4,319,905 "," 4,403,157 "," 4,398,722 "," 4,389,657 "," 4,386,821 "," 4,400,431 "," 4,393,758 "," 4,387,479 "," 4,400,437 "," 4,460,020 ", Property 
33,Biaya Akuisisi yang Ditangguhkan," 507,250 "," 529,833 "," 566,565 "," 569,166 "," 583,380 "," 592,330 "," 596,356 "," 551,295 "," 549,520 "," 546,776 "," 543,679 "," 557,990 ", Deferred Acquisition Cost 
34,Aset Tetap Lain," 1,468,019 "," 1,459,009 "," 1,443,488 "," 1,320,997 "," 1,344,591 "," 1,335,602 "," 1,324,222 "," 1,318,611 "," 1,320,921 "," 1,338,848 "," 1,321,509 "," 1,355,446 ", Other Fixed Assets 
35,Aset Lain," 13,217,757 "," 13,004,726 "," 13,355,927 "," 13,487,488 "," 13,459,834 "," 13,508,669 "," 13,667,357 "," 13,723,029 "," 13,802,786 "," 14,029,195 "," 13,504,933 "," 17,822,668 ", Other Assets 
36,Jumlah Bukan Investasi," 114,915,949 "," 118,284,148 "," 118,485,983 "," 119,129,649 "," 117,420,857 "," 120,373,602 "," 120,679,364 "," 117,549,006 "," 114,655,448 "," 115,389,483 "," 112,878,809 "," 122,238,834 ", Total Non Investment 
37,JUMLAH ASET," 230,054,099 "," 234,264,316 "," 234,643,082 "," 235,338,969 "," 233,783,237 "," 236,339,127 "," 238,032,432 "," 236,694,728 "," 234,843,517 "," 235,552,324 "," 233,226,067 "," 242,913,625 ", Total Assets 
38,Utang Klaim," 2,039,959 "," 1,988,555 "," 2,123,717 "," 2,297,345 "," 2,111,881 "," 2,038,440 "," 2,252,245 "," 2,533,181 "," 2,331,849 "," 2,744,678 "," 2,590,495 "," 3,158,199 ", Claims Payable 
39,Utang Koasuransi," 1,408,619 "," 1,362,898 "," 1,286,386 "," 1,206,344 "," 1,397,229 "," 1,393,300 "," 1,440,690 "," 1,276,825 "," 1,046,458 "," 1,042,189 "," 1,023,837 "," 1,161,835 ", Coinsurance Payable 
40,Utang Reasuransi," 12,598,463 "," 12,291,160 "," 11,397,244 "," 11,884,888 "," 11,906,741 "," 12,880,355 "," 13,374,105 "," 12,720,108 "," 12,038,539 "," 12,225,038 "," 12,392,368 "," 13,606,158 ", Reinsurance Payable 
41,Utang Komisi," 2,280,151 "," 2,328,092 "," 2,326,590 "," 2,373,121 "," 2,275,311 "," 2,318,558 "," 2,295,237 "," 2,250,271 "," 2,242,320 "," 2,228,408 "," 2,229,001 "," 2,279,857 ", Commission Payable 
42,Utang Pajak," 1,230,386 "," 1,207,938 "," 1,228,094 "," 722,784 "," 874,185 "," 913,136 "," 914,219 "," 881,170 "," 889,051 "," 971,220 "," 952,296 "," 991,142 ", Tax Payable 
43,Biaya yang Masih Harus Dibayar ," 3,100,254 "," 2,937,247 "," 2,672,815 "," 2,716,192 "," 2,674,970 "," 2,485,897 "," 2,497,351 "," 2,453,027 "," 2,609,110 "," 2,853,115 "," 2,948,348 "," 2,879,414 ", Accrued Expense 
44,Utang Lain," 14,889,945 "," 15,775,220 "," 15,755,064 "," 16,894,926 "," 16,231,001 "," 15,849,548 "," 15,844,024 "," 16,071,225 "," 16,369,642 "," 15,673,368 "," 15,523,138 "," 15,868,353 ", Others Payable 
45,Jumlah Utang ," 37,547,777 "," 37,891,110 "," 36,789,910 "," 38,095,601 "," 37,471,318 "," 37,879,232 "," 38,617,871 "," 38,185,807 "," 37,526,970 "," 37,738,017 "," 37,659,483 "," 39,944,958 ", Total Payable 
46,Cadangan Premi," 23,796,496 "," 23,392,587 "," 23,433,341 "," 29,887,187 "," 29,787,904 "," 28,949,020 "," 28,576,157 "," 28,708,566 "," 29,152,629 "," 50,649,298 "," 43,986,724 "," 44,002,491 ", Premium Reserve 
47,Cadangan Atas Premi Yang Belum Merupakan Pendapatan," 28,779,708 "," 31,032,967 "," 30,514,624 "," 29,916,418 "," 29,935,065 "," 31,754,214 "," 30,772,223 "," 29,768,628 "," 28,396,555 "," 27,917,602 "," 26,507,367 "," 30,731,023 ", Unearned Premium Reserve 
48,Cadangan Klaim ," 49,586,866 "," 50,783,585 "," 52,491,405 "," 56,491,721 "," 55,161,503 "," 55,912,932 "," 56,230,446 "," 55,083,877 "," 54,181,596 "," 52,961,026 "," 53,591,553 "," 52,284,751 ", Claim Reserve 
49,Cadangan atas Risiko Bencana (Catastrophic)," 113,907 "," 93,016 "," 91,222 "," 92,374 "," 93,883 "," 96,205 "," 98,379 "," 98,779 "," 99,746 "," 104,504 "," 92,946 "," 92,095 ", Catastrophic Reserve 
50,Jumlah Cadangan Teknis," 102,276,977 "," 105,302,155 "," 106,530,591 "," 116,387,700 "," 114,978,356 "," 116,712,372 "," 115,677,205 "," 113,659,850 "," 111,830,526 "," 131,632,429 "," 124,178,590 "," 127,110,361 ", Total Technical Reserve 
51,Jumlah Liabilitas," 139,824,755 "," 143,193,265 "," 143,320,502 "," 154,483,301 "," 152,449,673 "," 154,591,604 "," 154,295,076 "," 151,845,657 "," 149,357,496 "," 169,370,446 "," 161,838,073 "," 167,055,318 ", Total Liabilities 
52,Pinjaman Subordinasi," 1,149,292 "," 1,138,859 "," 1,139,102 "," 1,123,320 "," 1,106,945 "," 1,111,195 "," 1,141,695 "," 1,163,270 "," 1,167,170 "," 1,161,170 "," 1,136,470 "," 1,172,708 ", Subordinate Loan 
53,Modal Disetor ," 35,003,080 "," 35,048,082 "," 35,093,082 "," 35,098,852 "," 35,098,852 "," 35,298,852 "," 35,338,852 "," 35,456,765 "," 35,450,995 "," 35,481,765 "," 35,541,765 "," 36,032,765 ", Paid in Capital 
54,Agio Saham," 1,576,047 "," 1,576,048 "," 1,575,831 "," 1,575,758 "," 1,575,577 "," 1,575,233 "," 2,074,168 "," 2,074,168 "," 2,074,168 "," 2,076,439 "," 2,076,439 "," 2,056,724 ", Premium Stock 
55,Saldo Laba," 43,288,838 "," 44,062,569 "," 44,519,035 "," 35,178,573 "," 35,565,067 "," 36,094,990 "," 37,684,257 "," 38,276,148 "," 38,377,839 "," 19,631,837 "," 25,228,698 "," 29,972,729 ", Retained Earning 
56,Komponen Ekuitas Lainnya," 9,212,088 "," 9,245,495 "," 8,995,532 "," 7,879,167 "," 7,987,124 "," 7,667,254 "," 7,498,385 "," 7,878,721 "," 8,415,849 "," 7,830,667 "," 7,404,621 "," 6,623,381 ", Other Equity Components 
57,Jumlah Ekuitas," 89,080,053 "," 89,932,193 "," 90,183,479 "," 79,732,348 "," 80,226,619 "," 80,636,328 "," 82,595,661 "," 83,685,801 "," 84,318,851 "," 65,020,708 "," 70,251,523 "," 74,685,598 ", Total Equities 
58,JUMLAH LIABILITAS DAN EKUITAS ," 230,054,099 "," 234,264,316 "," 234,643,082 "," 235,338,969 "," 233,783,237 "," 236,339,127 "," 238,032,432 "," 236,694,728 "," 234,843,517 "," 235,552,324 "," 233,226,067 "," 242,913,624 ", Total Liabilities and Equities 
,,,,,,,,,,,,,,
,* Pinjaman Polis dikategorikan menjadi instrumen investasi sejak Agustus 2017 berdasarkan POJK nomor 71/POJK.05/2016 tentang Kesehatan Keuangan Perusahaan Asuransi dan Perusahaan Reasuransi,,,,,,,,,,,,,
,"** Penambahan jenis investasi ""Obligasi Daerah"" dan ""Dana Investasi Infrastruktur Berbentuk Kontrak Investasi Kolektif"" berdasarkan POJK nomor 27/POJK.05/2018",,,,,,,,,,,,,
